[
	{
		"tenantName": "White Label Asset Management",
		"tenantId": "beef29f2-14e9-11ea-8d71-362b9e155667",
		"mainColor": "Black",
		"secondaryColor": "White",
		"username": "whitelabel_admin",
		"password": "EAqP1X5Sp@",
		"configuration": {
			"accountTypes": [ "Individual", "Business" ],
			"askAddressDetails": false,
			"askCredentials": false,
			"customConfirm": true,
			"url": "https://www.useblanco.com"
		}
	},
	{
		"tenantName": "Green Label Investments",
		"tenantId": "c4c17984-14e9-11ea-8d71-362b9e155667",
		"mainColor": "Green",
		"secondaryColor": "White",
		"username": "greelabel_admin",
		"password": "!36crZ*UJd",
		"configuration": {
			"accountTypes": [ "All" ],
			"askAddressDetails": true,
			"askCredentials": false,
			"customConfirm": false,
			"url": "https://www.useblanco.com"
		}
	}
]
